[
    {
        "caratula": "dune.jpg",
        "titulo": "Dune",
        "autor": "Frank Herbert",
        "generos": [
            "ciencia-ficcion"
        ]
    },
    {
        "caratula": "generica.png",
        "titulo": "El señor de los litrillos",
        "autor": "Alicia Maravillas",
        "generos": [
            "erotico",
            "suspense"
        ]
    },
    {
        "caratula": "1984.jpg",
        "titulo": "1984",
        "autor": "G. Orwell",
        "generos": [
            "ciencia-ficcion"
        ]
    },
    {
        "caratula": "generica.png",
        "titulo": "Lucia y el Sexo",
        "autor": "Vigas Luna",
        "generos": [
            "erotico"
        ]
    },
    {
        "caratula": "elmarciano.jpg",
        "titulo": "El Marciano",
        "autor": "Andy Weir",
        "generos": [
            "ciencia-ficcion",
            "thriller"
        ]
    },
    {
        "caratula": "generica.png",
        "titulo": "Titulo",
        "autor": "Autor",
        "generos": [
            "historico"
        ]
    }
]